--
-- PostgreSQL database dump
--

-- Dumped from database version 12.9 (Ubuntu 12.9-2.pgdg20.04+1)
-- Dumped by pg_dump version 12.9 (Ubuntu 12.9-2.pgdg20.04+1)

SET statement_timeout = 0;
SET lock_timeout = 0;
SET idle_in_transaction_session_timeout = 0;
SET client_encoding = 'UTF8';
SET standard_conforming_strings = on;
SELECT pg_catalog.set_config('search_path', '', false);
SET check_function_bodies = false;
SET xmloption = content;
SET client_min_messages = warning;
SET row_security = off;

DROP DATABASE universe;
--
-- Name: universe; Type: DATABASE; Schema: -; Owner: freecodecamp
--

CREATE DATABASE universe WITH TEMPLATE = template0 ENCODING = 'UTF8' LC_COLLATE = 'C.UTF-8' LC_CTYPE = 'C.UTF-8';


ALTER DATABASE universe OWNER TO freecodecamp;

\connect universe

SET statement_timeout = 0;
SET lock_timeout = 0;
SET idle_in_transaction_session_timeout = 0;
SET client_encoding = 'UTF8';
SET standard_conforming_strings = on;
SELECT pg_catalog.set_config('search_path', '', false);
SET check_function_bodies = false;
SET xmloption = content;
SET client_min_messages = warning;
SET row_security = off;

SET default_tablespace = '';

SET default_table_access_method = heap;

--
-- Name: galaxy; Type: TABLE; Schema: public; Owner: freecodecamp
--

CREATE TABLE public.galaxy (
    galaxy_id integer NOT NULL,
    name character varying(30) NOT NULL,
    description text,
    distance numeric,
    constellation character varying(30) NOT NULL
);


ALTER TABLE public.galaxy OWNER TO freecodecamp;

--
-- Name: galaxy_galaxy_id_seq1; Type: SEQUENCE; Schema: public; Owner: freecodecamp
--

CREATE SEQUENCE public.galaxy_galaxy_id_seq1
    AS integer
    START WITH 1
    INCREMENT BY 1
    NO MINVALUE
    NO MAXVALUE
    CACHE 1;


ALTER TABLE public.galaxy_galaxy_id_seq1 OWNER TO freecodecamp;

--
-- Name: galaxy_galaxy_id_seq1; Type: SEQUENCE OWNED BY; Schema: public; Owner: freecodecamp
--

ALTER SEQUENCE public.galaxy_galaxy_id_seq1 OWNED BY public.galaxy.galaxy_id;


--
-- Name: moon; Type: TABLE; Schema: public; Owner: freecodecamp
--

CREATE TABLE public.moon (
    moon_id integer NOT NULL,
    name character varying(30) NOT NULL,
    planet_id integer NOT NULL,
    description text,
    has_water boolean
);


ALTER TABLE public.moon OWNER TO freecodecamp;

--
-- Name: moon_moon_id_seq; Type: SEQUENCE; Schema: public; Owner: freecodecamp
--

CREATE SEQUENCE public.moon_moon_id_seq
    AS integer
    START WITH 1
    INCREMENT BY 1
    NO MINVALUE
    NO MAXVALUE
    CACHE 1;


ALTER TABLE public.moon_moon_id_seq OWNER TO freecodecamp;

--
-- Name: moon_moon_id_seq; Type: SEQUENCE OWNED BY; Schema: public; Owner: freecodecamp
--

ALTER SEQUENCE public.moon_moon_id_seq OWNED BY public.moon.moon_id;


--
-- Name: other_phenomenae; Type: TABLE; Schema: public; Owner: freecodecamp
--

CREATE TABLE public.other_phenomenae (
    other_phenomenae_id integer NOT NULL,
    name character varying(30) NOT NULL,
    description text,
    is_static boolean NOT NULL
);


ALTER TABLE public.other_phenomenae OWNER TO freecodecamp;

--
-- Name: other_phenomenae_other_phenomenae_id_seq; Type: SEQUENCE; Schema: public; Owner: freecodecamp
--

CREATE SEQUENCE public.other_phenomenae_other_phenomenae_id_seq
    AS integer
    START WITH 1
    INCREMENT BY 1
    NO MINVALUE
    NO MAXVALUE
    CACHE 1;


ALTER TABLE public.other_phenomenae_other_phenomenae_id_seq OWNER TO freecodecamp;

--
-- Name: other_phenomenae_other_phenomenae_id_seq; Type: SEQUENCE OWNED BY; Schema: public; Owner: freecodecamp
--

ALTER SEQUENCE public.other_phenomenae_other_phenomenae_id_seq OWNED BY public.other_phenomenae.other_phenomenae_id;


--
-- Name: planet; Type: TABLE; Schema: public; Owner: freecodecamp
--

CREATE TABLE public.planet (
    planet_id integer NOT NULL,
    name character varying(30) NOT NULL,
    star_id integer NOT NULL,
    number_of_moons integer,
    has_life boolean,
    has_water boolean,
    description text
);


ALTER TABLE public.planet OWNER TO freecodecamp;

--
-- Name: planet_planet_id_seq; Type: SEQUENCE; Schema: public; Owner: freecodecamp
--

CREATE SEQUENCE public.planet_planet_id_seq
    AS integer
    START WITH 1
    INCREMENT BY 1
    NO MINVALUE
    NO MAXVALUE
    CACHE 1;


ALTER TABLE public.planet_planet_id_seq OWNER TO freecodecamp;

--
-- Name: planet_planet_id_seq; Type: SEQUENCE OWNED BY; Schema: public; Owner: freecodecamp
--

ALTER SEQUENCE public.planet_planet_id_seq OWNED BY public.planet.planet_id;


--
-- Name: star; Type: TABLE; Schema: public; Owner: freecodecamp
--

CREATE TABLE public.star (
    star_id integer NOT NULL,
    name character varying(30) NOT NULL,
    galaxy_id integer NOT NULL,
    planets_in_orbit integer,
    description text
);


ALTER TABLE public.star OWNER TO freecodecamp;

--
-- Name: star_star_id_seq; Type: SEQUENCE; Schema: public; Owner: freecodecamp
--

CREATE SEQUENCE public.star_star_id_seq
    AS integer
    START WITH 1
    INCREMENT BY 1
    NO MINVALUE
    NO MAXVALUE
    CACHE 1;


ALTER TABLE public.star_star_id_seq OWNER TO freecodecamp;

--
-- Name: star_star_id_seq; Type: SEQUENCE OWNED BY; Schema: public; Owner: freecodecamp
--

ALTER SEQUENCE public.star_star_id_seq OWNED BY public.star.star_id;


--
-- Name: galaxy galaxy_id; Type: DEFAULT; Schema: public; Owner: freecodecamp
--

ALTER TABLE ONLY public.galaxy ALTER COLUMN galaxy_id SET DEFAULT nextval('public.galaxy_galaxy_id_seq1'::regclass);


--
-- Name: moon moon_id; Type: DEFAULT; Schema: public; Owner: freecodecamp
--

ALTER TABLE ONLY public.moon ALTER COLUMN moon_id SET DEFAULT nextval('public.moon_moon_id_seq'::regclass);


--
-- Name: other_phenomenae other_phenomenae_id; Type: DEFAULT; Schema: public; Owner: freecodecamp
--

ALTER TABLE ONLY public.other_phenomenae ALTER COLUMN other_phenomenae_id SET DEFAULT nextval('public.other_phenomenae_other_phenomenae_id_seq'::regclass);


--
-- Name: planet planet_id; Type: DEFAULT; Schema: public; Owner: freecodecamp
--

ALTER TABLE ONLY public.planet ALTER COLUMN planet_id SET DEFAULT nextval('public.planet_planet_id_seq'::regclass);


--
-- Name: star star_id; Type: DEFAULT; Schema: public; Owner: freecodecamp
--

ALTER TABLE ONLY public.star ALTER COLUMN star_id SET DEFAULT nextval('public.star_star_id_seq'::regclass);


--
-- Data for Name: galaxy; Type: TABLE DATA; Schema: public; Owner: freecodecamp
--

INSERT INTO public.galaxy VALUES (1, 'Andromeda', 'Nearest major galaxy to the Milky Way', 2.5, 'Andromeda');
INSERT INTO public.galaxy VALUES (2, 'Milky Way', 'This is our home galaxy', 0, 'None');
INSERT INTO public.galaxy VALUES (3, 'Black Eye Galaxy', 'It has a spectacular dark band of absorbing dust in from of the nucleus', 17, 'Coma Berenices');
INSERT INTO public.galaxy VALUES (4, 'Bode Galaxy', 'Home to the most famous constellation in the Norther Hemisphere', 12, 'Ursa Major');
INSERT INTO public.galaxy VALUES (5, 'Cartwheel Galaxy', 'It looks exactly like a cartwheel, hence the name', 500, 'Sculptor');
INSERT INTO public.galaxy VALUES (6, 'Virgo A', 'This galaxy has a black hole at the center', 55, 'Virgo');


--
-- Data for Name: moon; Type: TABLE DATA; Schema: public; Owner: freecodecamp
--

INSERT INTO public.moon VALUES (1, 'The Moon', 3, NULL, false);
INSERT INTO public.moon VALUES (2, 'Europa', 5, NULL, true);
INSERT INTO public.moon VALUES (3, 'Enceladus', 6, NULL, true);
INSERT INTO public.moon VALUES (4, 'Ganymede', 5, NULL, true);
INSERT INTO public.moon VALUES (5, 'Callisto', 5, NULL, true);
INSERT INTO public.moon VALUES (6, 'Titan', 6, NULL, true);
INSERT INTO public.moon VALUES (7, 'Rhea', 6, NULL, NULL);
INSERT INTO public.moon VALUES (8, 'Dione', 6, NULL, NULL);
INSERT INTO public.moon VALUES (9, 'Tethys', 6, NULL, NULL);
INSERT INTO public.moon VALUES (10, 'Mimas', 6, NULL, NULL);
INSERT INTO public.moon VALUES (11, 'Hyperion', 6, NULL, NULL);
INSERT INTO public.moon VALUES (12, 'Iapetus', 6, NULL, NULL);
INSERT INTO public.moon VALUES (13, 'Phoebe', 6, NULL, NULL);
INSERT INTO public.moon VALUES (14, 'Phobos', 4, NULL, false);
INSERT INTO public.moon VALUES (15, 'Deimos', 4, NULL, false);
INSERT INTO public.moon VALUES (16, 'Triton', 8, NULL, NULL);
INSERT INTO public.moon VALUES (17, 'Nereid', 8, NULL, NULL);
INSERT INTO public.moon VALUES (18, 'Proteus', 8, NULL, NULL);
INSERT INTO public.moon VALUES (19, 'Larissa', 8, NULL, NULL);
INSERT INTO public.moon VALUES (20, 'Galatea', 8, NULL, NULL);


--
-- Data for Name: other_phenomenae; Type: TABLE DATA; Schema: public; Owner: freecodecamp
--

INSERT INTO public.other_phenomenae VALUES (1, 'Ceres', 'Ceres is a large asteroid located close to mars and jupiter', true);
INSERT INTO public.other_phenomenae VALUES (2, 'Hale-Bopp', 'This is a comet, it was discovered in 1996', false);
INSERT INTO public.other_phenomenae VALUES (3, 'J1748', 'This is a Pulsar, also known as a neutron star', true);


--
-- Data for Name: planet; Type: TABLE DATA; Schema: public; Owner: freecodecamp
--

INSERT INTO public.planet VALUES (1, 'Mercury', 1, 0, false, false, 'The first planet in the solar system');
INSERT INTO public.planet VALUES (2, 'Venus', 1, 0, false, false, NULL);
INSERT INTO public.planet VALUES (3, 'Earth', 1, 1, true, true, NULL);
INSERT INTO public.planet VALUES (4, 'Mars', 1, 2, false, true, NULL);
INSERT INTO public.planet VALUES (6, 'Saturn', 1, 82, false, false, NULL);
INSERT INTO public.planet VALUES (7, 'Uranus', 1, 27, false, false, NULL);
INSERT INTO public.planet VALUES (8, 'Neptune', 1, 14, false, false, NULL);
INSERT INTO public.planet VALUES (9, 'Pluto', 1, 5, false, false, NULL);
INSERT INTO public.planet VALUES (5, 'Jupiter', 1, 79, false, false, 'The largest planet in the solar system');
INSERT INTO public.planet VALUES (17, 'T-1b', 8, NULL, NULL, NULL, NULL);
INSERT INTO public.planet VALUES (18, 'T-1c', 8, NULL, NULL, NULL, NULL);
INSERT INTO public.planet VALUES (19, 'T-1d', 8, NULL, NULL, NULL, NULL);
INSERT INTO public.planet VALUES (20, 'T-1e', 8, NULL, NULL, NULL, NULL);
INSERT INTO public.planet VALUES (21, 'T-1f', 8, NULL, NULL, NULL, NULL);
INSERT INTO public.planet VALUES (22, 'T-1g', 8, NULL, NULL, NULL, NULL);
INSERT INTO public.planet VALUES (23, 'T-1h', 8, NULL, NULL, NULL, NULL);


--
-- Data for Name: star; Type: TABLE DATA; Schema: public; Owner: freecodecamp
--

INSERT INTO public.star VALUES (2, 'Betelgeuse', 2, 0, 'This is a red giant star');
INSERT INTO public.star VALUES (3, 'Rigel', 2, 14, 'A star with incredibly high radiation levels');
INSERT INTO public.star VALUES (4, 'Antares', 2, NULL, NULL);
INSERT INTO public.star VALUES (5, 'Sirius', 2, NULL, NULL);
INSERT INTO public.star VALUES (6, 'Altair', 2, NULL, NULL);
INSERT INTO public.star VALUES (1, 'Sun', 2, 9, 'The center of the Solar System');
INSERT INTO public.star VALUES (7, 'Proxima Centauri', 2, 1, NULL);
INSERT INTO public.star VALUES (8, 'TRAPPIST-1', 2, 7, NULL);
INSERT INTO public.star VALUES (9, 'Kepler-90', 2, 8, NULL);


--
-- Name: galaxy_galaxy_id_seq1; Type: SEQUENCE SET; Schema: public; Owner: freecodecamp
--

SELECT pg_catalog.setval('public.galaxy_galaxy_id_seq1', 6, true);


--
-- Name: moon_moon_id_seq; Type: SEQUENCE SET; Schema: public; Owner: freecodecamp
--

SELECT pg_catalog.setval('public.moon_moon_id_seq', 20, true);


--
-- Name: other_phenomenae_other_phenomenae_id_seq; Type: SEQUENCE SET; Schema: public; Owner: freecodecamp
--

SELECT pg_catalog.setval('public.other_phenomenae_other_phenomenae_id_seq', 3, true);


--
-- Name: planet_planet_id_seq; Type: SEQUENCE SET; Schema: public; Owner: freecodecamp
--

SELECT pg_catalog.setval('public.planet_planet_id_seq', 23, true);


--
-- Name: star_star_id_seq; Type: SEQUENCE SET; Schema: public; Owner: freecodecamp
--

SELECT pg_catalog.setval('public.star_star_id_seq', 9, true);


--
-- Name: galaxy galaxy_name_key; Type: CONSTRAINT; Schema: public; Owner: freecodecamp
--

ALTER TABLE ONLY public.galaxy
    ADD CONSTRAINT galaxy_name_key UNIQUE (name);


--
-- Name: galaxy galaxy_pkey1; Type: CONSTRAINT; Schema: public; Owner: freecodecamp
--

ALTER TABLE ONLY public.galaxy
    ADD CONSTRAINT galaxy_pkey1 PRIMARY KEY (galaxy_id);


--
-- Name: moon moon_name_key; Type: CONSTRAINT; Schema: public; Owner: freecodecamp
--

ALTER TABLE ONLY public.moon
    ADD CONSTRAINT moon_name_key UNIQUE (name);


--
-- Name: moon moon_pkey; Type: CONSTRAINT; Schema: public; Owner: freecodecamp
--

ALTER TABLE ONLY public.moon
    ADD CONSTRAINT moon_pkey PRIMARY KEY (moon_id);


--
-- Name: other_phenomenae other_phenomenae_name_key; Type: CONSTRAINT; Schema: public; Owner: freecodecamp
--

ALTER TABLE ONLY public.other_phenomenae
    ADD CONSTRAINT other_phenomenae_name_key UNIQUE (name);


--
-- Name: other_phenomenae other_phenomenae_pkey; Type: CONSTRAINT; Schema: public; Owner: freecodecamp
--

ALTER TABLE ONLY public.other_phenomenae
    ADD CONSTRAINT other_phenomenae_pkey PRIMARY KEY (other_phenomenae_id);


--
-- Name: planet planet_name_key; Type: CONSTRAINT; Schema: public; Owner: freecodecamp
--

ALTER TABLE ONLY public.planet
    ADD CONSTRAINT planet_name_key UNIQUE (name);


--
-- Name: planet planet_pkey; Type: CONSTRAINT; Schema: public; Owner: freecodecamp
--

ALTER TABLE ONLY public.planet
    ADD CONSTRAINT planet_pkey PRIMARY KEY (planet_id);


--
-- Name: star star_name_key; Type: CONSTRAINT; Schema: public; Owner: freecodecamp
--

ALTER TABLE ONLY public.star
    ADD CONSTRAINT star_name_key UNIQUE (name);


--
-- Name: star star_pkey; Type: CONSTRAINT; Schema: public; Owner: freecodecamp
--

ALTER TABLE ONLY public.star
    ADD CONSTRAINT star_pkey PRIMARY KEY (star_id);


--
-- Name: star galaxy_id; Type: FK CONSTRAINT; Schema: public; Owner: freecodecamp
--

ALTER TABLE ONLY public.star
    ADD CONSTRAINT galaxy_id FOREIGN KEY (galaxy_id) REFERENCES public.galaxy(galaxy_id);


--
-- Name: moon planet_id; Type: FK CONSTRAINT; Schema: public; Owner: freecodecamp
--

ALTER TABLE ONLY public.moon
    ADD CONSTRAINT planet_id FOREIGN KEY (planet_id) REFERENCES public.planet(planet_id);


--
-- Name: planet star_id; Type: FK CONSTRAINT; Schema: public; Owner: freecodecamp
--

ALTER TABLE ONLY public.planet
    ADD CONSTRAINT star_id FOREIGN KEY (star_id) REFERENCES public.star(star_id);


--
-- PostgreSQL database dump complete
--